,publisher,genre,follows,followed by,part of the series,instance of,author,title,series ordinal,language of work or name,country of origin,derivative work,OCLC work ID,NooSFere book ID,publication date,Freebase ID,Open Library ID,has edition,OCLC control number,ISBN-13,page(s),original language of film or TV show,narrative location,ISBN-10,copyright status,characters,Internet Archive ID,main subject,NNL work ID,official website,set in period,distribution format,country,LibraryThing work ID,number of pages,subtitle,place of publication,Goodreads book ID,edition number,Google Books ID,described at URL,VIAF ID,Google Knowledge Graph ID,Babelio work ID,DNB editions,Wolfram Language entity code,illustrator,Library of Congress authority ID,ISFDB title ID,has part,image,inception,award received,GND ID,edition or translation of,editor,number of parts of this work of art,distributor,issue,full work available at,scanned file on Wikimedia Commons,BVMC work ID,SUDOC editions,Bibliothèque nationale de France ID,part of,volume,published in,takes place in fictional universe,copyright license,Commons category
0,Viking Press,adventure novel,Iceberg,Vixen 03,Dirk Pitt,written work,Clive Cussler,Raise the Titanic!,3,English,United States of America,Raise the Titanic,2542263621,17905,1976-01-01T00:00:00Z,/m/06gbj_,OL84918W,Raise the Titanic!,,,,,,,,,,,,,,,,,,,,,,,,,,,,,,,,,,,,,,,,,,,,,,,,,,,,
1,Viking Press,adventure novel,Iceberg,Vixen 03,Dirk Pitt,written work,Clive Cussler,Raise the Titanic!,3,English,United States of America,Raise the Titanic,2542263621,17905,1976-01-01T00:00:00Z,/m/06gbj_,OL84918W,Raise the Titanic!,,,,,,,,,,,,,,,,,,,,,,,,,,,,,,,,,,,,,,,,,,,,,,,,,,,,
2,Simon & Schuster,crime novel,The Mediterranean Caper,Raise the Titanic!,Dirk Pitt,written work,Clive Cussler,Iceberg,2,English,United States of America,,,,1975-01-01T00:00:00Z,/m/08h84f,OL3666474M,,34046230,,,,,,,,,,,,,,,,,,,,,,,,,,,,,,,,,,,,,,,,,,,,,,,,,,,
3,Simon & Schuster,crime novel,The Mediterranean Caper,Raise the Titanic!,Dirk Pitt,written work,Clive Cussler,Iceberg,2,English,United States of America,,,,1975-01-01T00:00:00Z,/m/08h84f,OL3666474M,,34046230,,,,,,,,,,,,,,,,,,,,,,,,,,,,,,,,,,,,,,,,,,,,,,,,,,,
4,Simon & Schuster,crime novel,The Mediterranean Caper,Raise the Titanic!,Dirk Pitt,written work,Clive Cussler,Iceberg,2,English,United States of America,,,,1975-01-01T00:00:00Z,/m/08h84f,OL3666474M,,34046230,,,,,,,,,,,,,,,,,,,,,,,,,,,,,,,,,,,,,,,,,,,,,,,,,,,
5,Simon & Schuster,crime novel,The Mediterranean Caper,Raise the Titanic!,Dirk Pitt,written work,Clive Cussler,Iceberg,2,English,United States of America,,,,1975-01-01T00:00:00Z,/m/08h84f,OL3666474M,,34046230,,,,,,,,,,,,,,,,,,,,,,,,,,,,,,,,,,,,,,,,,,,,,,,,,,,
6,Simon & Schuster,crime novel,The Mediterranean Caper,Raise the Titanic!,Dirk Pitt,written work,Clive Cussler,Iceberg,2,English,United States of America,,,,1975-01-01T00:00:00Z,/m/08h84f,OL3666474M,,34046230,,,,,,,,,,,,,,,,,,,,,,,,,,,,,,,,,,,,,,,,,,,,,,,,,,,
7,,novel,,Sacred Stone,Oregon Files,written work,Craig Dirgo,Golden Buddha,1,English,United States of America,,3770772639,,2003-01-01T00:00:00Z,/m/02q0xbp,,,635660702,978-88-304-2219-3,420,English,People's Republic of China,88-304-2219-3,,,,,,,,,,,,,,,,,,,,,,,,,,,,,,,,,,,,,,,,,,,,,,
8,,novel,,Sacred Stone,Oregon Files,written work,Craig Dirgo,Golden Buddha,1,English,United States of America,,3770772639,,2003-01-01T00:00:00Z,/m/02q0xbp,,,635660702,978-88-304-2219-3,420,English,People's Republic of China,88-304-2219-3,,,,,,,,,,,,,,,,,,,,,,,,,,,,,,,,,,,,,,,,,,,,,,
9,,novel,,Sacred Stone,Oregon Files,written work,Craig Dirgo,Golden Buddha,1,English,United States of America,,3770772639,,2003-01-01T00:00:00Z,/m/02q0xbp,,,635660702,978-88-304-2219-3,420,English,People's Republic of China,88-304-2219-3,,,,,,,,,,,,,,,,,,,,,,,,,,,,,,,,,,,,,,,,,,,,,,
10,,novel,,Sacred Stone,Oregon Files,written work,Craig Dirgo,Golden Buddha,1,English,United States of America,,3770772639,,2003-01-01T00:00:00Z,/m/02q0xbp,,,635660702,978-88-304-2219-3,420,English,People's Republic of China,88-304-2219-3,,,,,,,,,,,,,,,,,,,,,,,,,,,,,,,,,,,,,,,,,,,,,,
11,,short story collection,Firewall,Before the Frost,Wallander novels,literary work,Henning Mankell,,9,Swedish,Sweden,,,,1999-01-01T00:00:00Z,/m/0477cs,,,,,,Swedish,Sweden,,copyrighted,Kurt Wallander,,,,,,,,,,,,,,,,,,,,,,,,,,,,,,,,,,,,,,,,,,,,
12,,techno-thriller,,,Tom Clancy's Op-Center,book,Steve Pieczenik,Games of State,3,,,,,,1996-01-01T00:00:00Z,,,,,,,English,,,,,,,,,,,,,,,,,,,,,,,,,,,,,,,,,,,,,,,,,,,,,,,,
13,,techno-thriller,,,Tom Clancy's Op-Center,book,Steve Pieczenik,Games of State,3,,,,,,1996-01-01T00:00:00Z,,,,,,,English,,,,,,,,,,,,,,,,,,,,,,,,,,,,,,,,,,,,,,,,,,,,,,,,
14,Jove Books,adventure novel,,Iceberg,Dirk Pitt,written work,Clive Cussler,The Mediterranean Caper,1,English,United States of America,,568623,,1973-01-01T00:00:00Z,,OL84917W,,636554727,978-0-515-03179-9,,English,,0-515-03179-8,,Dirk Pitt,mediterraneancap00cliv,,,,,,,,,,,,,,,,,,,,,,,,,,,,,,,,,,,,,,,,,,,
15,Jove Books,adventure novel,,Iceberg,Dirk Pitt,written work,Clive Cussler,The Mediterranean Caper,1,English,United States of America,,568623,,1973-01-01T00:00:00Z,,OL84917W,,636554727,978-0-515-03179-9,,English,,0-515-03179-8,,Dirk Pitt,mediterraneancap00cliv,,,,,,,,,,,,,,,,,,,,,,,,,,,,,,,,,,,,,,,,,,,
16,,thriller,Skeleton Coast,Corsair,Oregon Files,written work,Clive Cussler,Plague Ship,5,English,United States of America,,119374945,,2008-06-03T00:00:00Z,,,,191882129,,,English,,,,,,,,,,,,,,,,,,,,,,,,,,,,,,,,,,,,,,,,,,,,,,,,
17,,thriller,Skeleton Coast,Corsair,Oregon Files,written work,Clive Cussler,Plague Ship,5,English,United States of America,,119374945,,2008-06-03T00:00:00Z,,,,191882129,,,English,,,,,,,,,,,,,,,,,,,,,,,,,,,,,,,,,,,,,,,,,,,,,,,,
18,,thriller,Skeleton Coast,Corsair,Oregon Files,written work,Clive Cussler,Plague Ship,5,English,United States of America,,119374945,,2008-06-03T00:00:00Z,,,,191882129,,,English,,,,,,,,,,,,,,,,,,,,,,,,,,,,,,,,,,,,,,,,,,,,,,,,
19,,thriller,Skeleton Coast,Corsair,Oregon Files,written work,Clive Cussler,Plague Ship,5,English,United States of America,,119374945,,2008-06-03T00:00:00Z,,,,191882129,,,English,,,,,,,,,,,,,,,,,,,,,,,,,,,,,,,,,,,,,,,,,,,,,,,,
20,,novel,Golden Buddha,Dark Watch,Oregon Files,written work,Clive Cussler,Sacred Stone,2,English,United States of America,,1026247,,2004-01-01T00:00:00Z,,OL84882W,,77792917,978-0-14-101032-8,,English,,0-14-101032-0,,,sacredstone2008cuss,,,,,,,,,,,,,,,,,,,,,,,,,,,,,,,,,,,,,,,,,,,
21,Berkley Books,novel,Dark Watch,Plague Ship,Oregon Files,written work,Clive Cussler,Skeleton Coast,4,English,United States of America,,55501687,,2006-10-03T00:00:00Z,,,,70167720,,,English,,,,,,,,,,,,,,,,,,,,,,,,,,,,,,,,,,,,,,,,,,,,,,,,
22,Berkley Books,novel,Dark Watch,Plague Ship,Oregon Files,written work,Clive Cussler,Skeleton Coast,4,English,United States of America,,55501687,,2006-10-03T00:00:00Z,,,,70167720,,,English,,,,,,,,,,,,,,,,,,,,,,,,,,,,,,,,,,,,,,,,,,,,,,,,
23,Viking Press,crime novel,Raise the Titanic!,Night Probe!,Dirk Pitt,written work,Clive Cussler,,4,American English,United States of America,,516369,28892,1978-01-01T00:00:00Z,,OL7819988M,,4193140,978-0-670-74741-2,,,,0-670-74741-6,,,vixen0300bant,,,,,,,,,,,,,,,,,,,,,,,,,,,,,,,,,,,,,,,,,,,
24,Viking Press,crime novel,Raise the Titanic!,Night Probe!,Dirk Pitt,written work,Clive Cussler,,4,American English,United States of America,,516369,28892,1978-01-01T00:00:00Z,,OL7819988M,,4193140,978-0-670-74741-2,,,,0-670-74741-6,,,vixen0300bant,,,,,,,,,,,,,,,,,,,,,,,,,,,,,,,,,,,,,,,,,,,
25,,novel,Sacred Stone,Skeleton Coast,Oregon Files,book,Clive Cussler,Dark Watch,3,English,United States of America,,1959448,,2005-01-01T00:00:00Z,,,,224801645,,,English,Asia,,,,,slavery,,,,,,,,,,,,,,,,,,,,,,,,,,,,,,,,,,,,,,,,,,
26,,novel,Sacred Stone,Skeleton Coast,Oregon Files,book,Clive Cussler,Dark Watch,3,English,United States of America,,1959448,,2005-01-01T00:00:00Z,,,,224801645,,,English,Asia,,,,,slavery,,,,,,,,,,,,,,,,,,,,,,,,,,,,,,,,,,,,,,,,,,
27,HarperCollins,techno-thriller,,,Tom Clancy's Op-Center,book,Tom Clancy,Tom Clancy's Op-Center: Acts of War,4,English,United States of America,,4535656873,,1997-01-01T00:00:00Z,,OL24199426M,,43221,978-0-00-225450-2,,English,,0-00-225450-6,,,actsofwar00clan_0,,002120602,,,,,,,,,,,,,,,,,,,,,,,,,,,,,,,,,,,,,,,,,
28,HarperCollins,techno-thriller,,,Tom Clancy's Op-Center,book,Tom Clancy,Tom Clancy's Op-Center: Acts of War,4,English,United States of America,,4535656873,,1997-01-01T00:00:00Z,,OL24199426M,,43221,978-0-00-225450-2,,English,,0-00-225450-6,,,actsofwar00clan_0,,002120602,,,,,,,,,,,,,,,,,,,,,,,,,,,,,,,,,,,,,,,,,
29,Berkley Books,novel,Tom Clancy's Op-Center,,Tom Clancy's Op-Center,book,Jeff Rovin,Tom Clancy's Op-Center: Mirror Image,2,English,United States of America,,3943564558,,1995-11-01T00:00:00Z,,OL7503765M,,33182367,978-0-425-15014-6,,English,,0-425-15014-3,,,tomclancysopcent00clan_0,,,,,,,,,,,,,,,,,,,,,,,,,,,,,,,,,,,,,,,,,,,
30,Berkley Books,novel,Tom Clancy's Op-Center,,Tom Clancy's Op-Center,book,Jeff Rovin,Tom Clancy's Op-Center: Mirror Image,2,English,United States of America,,3943564558,,1995-11-01T00:00:00Z,,OL7503765M,,33182367,978-0-425-15014-6,,English,,0-425-15014-3,,,tomclancysopcent00clan_0,,,,,,,,,,,,,,,,,,,,,,,,,,,,,,,,,,,,,,,,,,,
31,Berkley Books,novel,Tom Clancy's Op-Center,,Tom Clancy's Op-Center,book,Jeff Rovin,Tom Clancy's Op-Center: Mirror Image,2,English,United States of America,,3943564558,,1995-11-01T00:00:00Z,,OL7503765M,,33182367,978-0-425-15014-6,,English,,0-425-15014-3,,,tomclancysopcent00clan_0,,,,,,,,,,,,,,,,,,,,,,,,,,,,,,,,,,,,,,,,,,,
32,Berkley Books,novel,Tom Clancy's Op-Center,,Tom Clancy's Op-Center,book,Jeff Rovin,Tom Clancy's Op-Center: Mirror Image,2,English,United States of America,,3943564558,,1995-11-01T00:00:00Z,,OL7503765M,,33182367,978-0-425-15014-6,,English,,0-425-15014-3,,,tomclancysopcent00clan_0,,,,,,,,,,,,,,,,,,,,,,,,,,,,,,,,,,,,,,,,,,,
33,Berkley Books,novel,,Tom Clancy's Op-Center: Mirror Image,Tom Clancy's Op-Center,literary work,Steve Pieczenik,Tom Clancy's Op-Center,1,English,United States of America,,3943564558,,1995-02-01T00:00:00Z,,OL3667228M,,32465304,978-0-7862-0491-5,,English,,0-7862-0491-5,,,tomclancystateopcentclan,,001357441,,,,,,,,,,,,,,,,,,,,,,,,,,,,,,,,,,,,,,,,,
34,Berkley Books,novel,,Tom Clancy's Op-Center: Mirror Image,Tom Clancy's Op-Center,literary work,Steve Pieczenik,Tom Clancy's Op-Center,1,English,United States of America,,3943564558,,1995-02-01T00:00:00Z,,OL3667228M,,32465304,978-0-7862-0491-5,,English,,0-7862-0491-5,,,tomclancystateopcentclan,,001357441,,,,,,,,,,,,,,,,,,,,,,,,,,,,,,,,,,,,,,,,,
35,,thriller,The Silent Sea,Mirage,Oregon Files,book,Jack Du Brul,The Jungle,8,English,United States of America,,686256787,,2011-03-08T00:00:00Z,,,,646111811,,,English,,,,,,,,,,,,,,,,,,,,,,,,,,,,,,,,,,,,,,,,,,,,,,,,
36,,thriller,The Silent Sea,Mirage,Oregon Files,book,Jack Du Brul,The Jungle,8,English,United States of America,,686256787,,2011-03-08T00:00:00Z,,,,646111811,,,English,,,,,,,,,,,,,,,,,,,,,,,,,,,,,,,,,,,,,,,,,,,,,,,,
37,,thriller,The Silent Sea,Mirage,Oregon Files,book,Jack Du Brul,The Jungle,8,English,United States of America,,686256787,,2011-03-08T00:00:00Z,,,,646111811,,,English,,,,,,,,,,,,,,,,,,,,,,,,,,,,,,,,,,,,,,,,,,,,,,,,
38,,thriller,Corsair,The Jungle,Oregon Files,literary work,Jack Du Brul,The Silent Sea,7,English,United States of America,,348580865,,2010-03-10T00:00:00Z,,,,426801783,,,English,,,,,,,,,,,,,,,,,,,,,,,,,,,,,,,,,,,,,,,,,,,,,,,,
39,,thriller,Corsair,The Jungle,Oregon Files,literary work,Jack Du Brul,The Silent Sea,7,English,United States of America,,348580865,,2010-03-10T00:00:00Z,,,,426801783,,,English,,,,,,,,,,,,,,,,,,,,,,,,,,,,,,,,,,,,,,,,,,,,,,,,
40,,crime novel,Before the Frost,The Troubled Man,Wallander novels,literary work,Henning Mankell,,11,Swedish,Sweden,,,,2013-01-01T00:00:00Z,,,,,,,Swedish,Sweden,,copyrighted,Kurt Wallander,,,,,,,,,,,,,,,,,,,,,,,,,,,,,,,,,,,,,,,,,,,,
41,,crime novel,Before the Frost,The Troubled Man,Wallander novels,literary work,Henning Mankell,,11,Swedish,Sweden,,,,2013-01-01T00:00:00Z,,,,,,,Swedish,Sweden,,copyrighted,Kurt Wallander,,,,,,,,,,,,,,,,,,,,,,,,,,,,,,,,,,,,,,,,,,,,
42,G. P. Putnam's Sons,novel,Full Force and Effect,Commander in Chief,Ryanverse,literary work,Grant Blackwood,,19,English,United States of America,,,,2015-06-16T00:00:00Z,,,,,,,English,,,,,,,,https://tomclancy.com/product/tom-clancy-under-fire,,,,,,,,,,,,,,,,,,,,,,,,,,,,,,,,,,,,,,,,
43,,thriller,The Emperor's Revenge,Shadow Tyrants,Oregon Files,book,Clive Cussler,,12,English,United States of America,,,,2008-01-01T00:00:00Z,,,,,,,English,,,,,,,,,,,,,,,,,,,,,,,,,,,,,,,,,,,,,,,,,,,,,,,,
44,,thriller,The Emperor's Revenge,Shadow Tyrants,Oregon Files,book,Clive Cussler,,12,English,United States of America,,,,2008-01-01T00:00:00Z,,,,,,,English,,,,,,,,,,,,,,,,,,,,,,,,,,,,,,,,,,,,,,,,,,,,,,,,
45,,historical novel,Q62000056,,Hangman's Daughter Tales,book,Oliver Pötzsch,,8,,,,,,2020-08-28T00:00:00Z,,,,,,,German,Kaufbeuren,,,,,executioner,,,1679,,,,,,,,,,,,,,,,,,,,,,,,,,,,,,,,,,,,,,,
46,,crime novel,Q79968179,Q79967251,Leo Wechsler,book,Susanne Goga-Klinkenberg,,5,,,,,,,,,,,,,German,Berlin,,,,,,,http://www.susannegoga.de/?p=79,1927,,,,,,,,,,,,,,,,,,,,,,,,,,,,,,,,,,,,,,,
47,,crime novel,Q79968183,Q79968179,Leo Wechsler,book,Susanne Goga-Klinkenberg,,3,,,,,,2012-01-01T00:00:00Z,,,,,,,German,Berlin,,,,,,,http://www.susannegoga.de/?p=57,1923,,,,,,,,,,,,,,,,,,,,,,,,,,,,,,,,,,,,,,,
48,,historical mystery,Q79968338,Q79968181,Leo Wechsler,book,Susanne Goga-Klinkenberg,,2,,,,,,,,,,,,,German,Berlin,,,,,,,http://www.susannegoga.de/?p=48,1922,,,,,,,,,,,,,,,,,,,,,,,,,,,,,,,,,,,,,,,
49,,psychological thriller,,,,book,Sebastian Fitzek,,,,,,,,2013-03-14T00:00:00Z,,,,,,,German,,,,,,,,https://www.sebastianfitzek.de/buch/der-nachtwandler/,,,,,,,,,,,,,,,,,,,,,,,,,,,,,,,,,,,,,,,,
50,,thriller,,,,book,Sebastian Fitzek,,,,,,,,2012-09-26T00:00:00Z,,,,,,,German,,,,,,,,https://www.sebastianfitzek.de/buch/abgeschnitten/,,,,,,,,,,,,,,,,,,,,,,,,,,,,,,,,,,,,,,,,
51,,psychological thriller,,,,book,Sebastian Fitzek,,,,,,,,2011-09-27T00:00:00Z,,,,,,,German,,,,,,,,https://www.sebastianfitzek.de/buch/der-augenjaeger/,,,,,,,,,,,,,,,,,,,,,,,,,,,,,,,,,,,,,,,,
52,,short story cycle,,,,book,Sebastian Fitzek,,,,,,,,2010-10-04T00:00:00Z,,,,,,,German,,,,,,,,https://www.sebastianfitzek.de/buch/p-s-ich-toete-dich/,,,,,,,,,,,,,,,,,,,,,,,,,,,,,,,,,,,,,,,,
53,,short story cycle,,,,book,Sebastian Fitzek,,,,,,,,2010-10-04T00:00:00Z,,,,,,,German,,,,,,,,https://www.sebastianfitzek.de/buch/p-s-ich-toete-dich/,,,,,,,,,,,,,,,,,,,,,,,,,,,,,,,,,,,,,,,,
54,,crime fiction,,,,book,Felicitas Mayall,,,,,,,,2009-09-28T00:00:00Z,,,,,,,German,,,,,,,,https://www.sebastianfitzek.de/buch/toedliche-gaben/,,,,,,,,,,,,,,,,,,,,,,,,,,,,,,,,,,,,,,,,
55,,crime fiction,,,,book,Felicitas Mayall,,,,,,,,2009-09-28T00:00:00Z,,,,,,,German,,,,,,,,https://www.sebastianfitzek.de/buch/toedliche-gaben/,,,,,,,,,,,,,,,,,,,,,,,,,,,,,,,,,,,,,,,,
56,,crime fiction,,,,book,Felicitas Mayall,,,,,,,,2009-09-28T00:00:00Z,,,,,,,German,,,,,,,,https://www.sebastianfitzek.de/buch/toedliche-gaben/,,,,,,,,,,,,,,,,,,,,,,,,,,,,,,,,,,,,,,,,
57,,crime fiction,,,,book,Felicitas Mayall,,,,,,,,2009-09-28T00:00:00Z,,,,,,,German,,,,,,,,https://www.sebastianfitzek.de/buch/toedliche-gaben/,,,,,,,,,,,,,,,,,,,,,,,,,,,,,,,,,,,,,,,,
58,,crime fiction,,,,book,Felicitas Mayall,,,,,,,,2009-09-28T00:00:00Z,,,,,,,German,,,,,,,,https://www.sebastianfitzek.de/buch/toedliche-gaben/,,,,,,,,,,,,,,,,,,,,,,,,,,,,,,,,,,,,,,,,
59,,crime fiction,,,,book,Felicitas Mayall,,,,,,,,2009-09-28T00:00:00Z,,,,,,,German,,,,,,,,https://www.sebastianfitzek.de/buch/toedliche-gaben/,,,,,,,,,,,,,,,,,,,,,,,,,,,,,,,,,,,,,,,,
60,,crime fiction,,,,book,Felicitas Mayall,,,,,,,,2009-09-28T00:00:00Z,,,,,,,German,,,,,,,,https://www.sebastianfitzek.de/buch/toedliche-gaben/,,,,,,,,,,,,,,,,,,,,,,,,,,,,,,,,,,,,,,,,
61,,crime fiction,,,,book,Felicitas Mayall,,,,,,,,2009-09-28T00:00:00Z,,,,,,,German,,,,,,,,https://www.sebastianfitzek.de/buch/toedliche-gaben/,,,,,,,,,,,,,,,,,,,,,,,,,,,,,,,,,,,,,,,,
62,,crime fiction,,,,book,Felicitas Mayall,,,,,,,,2009-09-28T00:00:00Z,,,,,,,German,,,,,,,,https://www.sebastianfitzek.de/buch/toedliche-gaben/,,,,,,,,,,,,,,,,,,,,,,,,,,,,,,,,,,,,,,,,
63,,crime fiction,,,,book,Felicitas Mayall,,,,,,,,2009-09-28T00:00:00Z,,,,,,,German,,,,,,,,https://www.sebastianfitzek.de/buch/toedliche-gaben/,,,,,,,,,,,,,,,,,,,,,,,,,,,,,,,,,,,,,,,,
64,,crime fiction,,,,book,Felicitas Mayall,,,,,,,,2009-09-28T00:00:00Z,,,,,,,German,,,,,,,,https://www.sebastianfitzek.de/buch/toedliche-gaben/,,,,,,,,,,,,,,,,,,,,,,,,,,,,,,,,,,,,,,,,
65,,crime fiction,,,,book,Felicitas Mayall,,,,,,,,2009-09-28T00:00:00Z,,,,,,,German,,,,,,,,https://www.sebastianfitzek.de/buch/toedliche-gaben/,,,,,,,,,,,,,,,,,,,,,,,,,,,,,,,,,,,,,,,,
66,,crime fiction,,,,book,Felicitas Mayall,,,,,,,,2009-09-28T00:00:00Z,,,,,,,German,,,,,,,,https://www.sebastianfitzek.de/buch/toedliche-gaben/,,,,,,,,,,,,,,,,,,,,,,,,,,,,,,,,,,,,,,,,
67,,crime fiction,,,,book,Felicitas Mayall,,,,,,,,2009-09-28T00:00:00Z,,,,,,,German,,,,,,,,https://www.sebastianfitzek.de/buch/toedliche-gaben/,,,,,,,,,,,,,,,,,,,,,,,,,,,,,,,,,,,,,,,,
68,,crime fiction,,,,book,Felicitas Mayall,,,,,,,,2009-09-28T00:00:00Z,,,,,,,German,,,,,,,,https://www.sebastianfitzek.de/buch/toedliche-gaben/,,,,,,,,,,,,,,,,,,,,,,,,,,,,,,,,,,,,,,,,
69,,short story cycle,,,,book,Henrike Heiland,,,,,,,,2008-09-03T00:00:00Z,,,,,,,German,,,,,,,,https://www.sebastianfitzek.de/buch/mord-am-hellweg-iv/,,,,,,,,,,,,,,,,,,,,,,,,,,,,,,,,,,,,,,,,
70,,short story cycle,,,,book,Henrike Heiland,,,,,,,,2008-09-03T00:00:00Z,,,,,,,German,,,,,,,,https://www.sebastianfitzek.de/buch/mord-am-hellweg-iv/,,,,,,,,,,,,,,,,,,,,,,,,,,,,,,,,,,,,,,,,
71,,short story cycle,,,,book,Henrike Heiland,,,,,,,,2008-09-03T00:00:00Z,,,,,,,German,,,,,,,,https://www.sebastianfitzek.de/buch/mord-am-hellweg-iv/,,,,,,,,,,,,,,,,,,,,,,,,,,,,,,,,,,,,,,,,
72,,short story cycle,,,,book,Henrike Heiland,,,,,,,,2008-09-03T00:00:00Z,,,,,,,German,,,,,,,,https://www.sebastianfitzek.de/buch/mord-am-hellweg-iv/,,,,,,,,,,,,,,,,,,,,,,,,,,,,,,,,,,,,,,,,
73,,short story cycle,,,,book,Henrike Heiland,,,,,,,,2008-09-03T00:00:00Z,,,,,,,German,,,,,,,,https://www.sebastianfitzek.de/buch/mord-am-hellweg-iv/,,,,,,,,,,,,,,,,,,,,,,,,,,,,,,,,,,,,,,,,
74,,short story cycle,,,,book,Henrike Heiland,,,,,,,,2008-09-03T00:00:00Z,,,,,,,German,,,,,,,,https://www.sebastianfitzek.de/buch/mord-am-hellweg-iv/,,,,,,,,,,,,,,,,,,,,,,,,,,,,,,,,,,,,,,,,
75,,short story cycle,,,,book,Iny Lorentz,,,,,,,,2008-09-01T00:00:00Z,,,,,,,German,,,,,,,,https://www.sebastianfitzek.de/buch/tierische-helden/,,,,,,,,,,,,,,,,,,,,,,,,,,,,,,,,,,,,,,,,
76,,short story cycle,,,,book,Iny Lorentz,,,,,,,,2008-09-01T00:00:00Z,,,,,,,German,,,,,,,,https://www.sebastianfitzek.de/buch/tierische-helden/,,,,,,,,,,,,,,,,,,,,,,,,,,,,,,,,,,,,,,,,
77,,short story cycle,,,,book,Iny Lorentz,,,,,,,,2008-09-01T00:00:00Z,,,,,,,German,,,,,,,,https://www.sebastianfitzek.de/buch/tierische-helden/,,,,,,,,,,,,,,,,,,,,,,,,,,,,,,,,,,,,,,,,
78,,short story cycle,,,,book,Iny Lorentz,,,,,,,,2008-09-01T00:00:00Z,,,,,,,German,,,,,,,,https://www.sebastianfitzek.de/buch/tierische-helden/,,,,,,,,,,,,,,,,,,,,,,,,,,,,,,,,,,,,,,,,
79,,psychological thriller,,,,book,Sebastian Fitzek,,,,,,,,2008-01-05T00:00:00Z,,,,,,,German,,,,,,,,https://www.sebastianfitzek.de/buch/das-kind/,,,,,,,,,,,,,,,,,,,,,,,,,,,,,,,,,,,,,,,,
80,,non-fiction book,,,,book,Q74981714,,,,,,,,2016-05-24T00:00:00Z,,,,,,,German,,,,,,German Navy,,,,,,,,,,,,,,,,,,,,,,,,,,,,,,,,,,,,,,,,,,
81,Association for Library Collections and Technical Services,non-fiction,,,,book,Anne Washington,Linked Data for the Perplexed Librarian,,English,United States of America,,9847009279,,2020-01-01T00:00:00Z,,,Linked Data for the Perplexed Librarian,,,,,,,,,,library science,,,,softcover,,,,,,,,,,,,,,,,,,,,,,,,,,,,,,,,,,,,,,
82,Association for Library Collections and Technical Services,non-fiction,,,,book,Anne Washington,Linked Data for the Perplexed Librarian,,English,United States of America,,9847009279,,2020-01-01T00:00:00Z,,,Linked Data for the Perplexed Librarian,,,,,,,,,,library science,,,,softcover,,,,,,,,,,,,,,,,,,,,,,,,,,,,,,,,,,,,,,
83,Association for Library Collections and Technical Services,non-fiction,,,,book,Anne Washington,Linked Data for the Perplexed Librarian,,English,United States of America,,9847009279,,2020-01-01T00:00:00Z,,,Linked Data for the Perplexed Librarian,,,,,,,,,,library science,,,,softcover,,,,,,,,,,,,,,,,,,,,,,,,,,,,,,,,,,,,,,
84,Auckland University Press,biography,,,,book,David Hastings,The many deaths of Mary Dobie,,English,New Zealand,,,,2015-09-01T00:00:00Z,,OL20614537W,,915489685,978-1-86-940837-4,,,,,,,,Mary Dobie,,,,,New Zealand,16565213,240,"Murder, politics and revenge in nineteenth-century New Zealand",Auckland,25942781,1,IRNzCgAAQBAJ,https://aucklanduniversitypress.co.nz/the-many-deaths-of-mary-dobie-murder-politics-and-revenge-in-nineteenth-century-new-zealand/,,,,,,,,,,,,,,,,,,,,,,,,,,,,,
85,,biography,,,,book,John Franceschina,David Braham: The American Offenbach,,,,,,,,,,,,,,,,,,,,David Braham,,,,,,,,,,,,,,,,,,,,,,,,,,,,,,,,,,,,,,,,,,
86,,non-fiction book,,,,book,Dietrich Schwanitz,,,,,,,,1993-01-01T00:00:00Z,,,,,,,German,,,,,,,,,,,,,,,,,,,,,,,,,,,,,,,,,,,,,,,,,,,,,,,,
87,,biography,,,,book,Hans-Joachim Röll,,,,,,,,2009-10-06T00:00:00Z,,,,,,,German,,,,,,Werner Hartenstein,,https://www.verlagshaus.com/index.php?id=detail&tt_products%5Bcat%5D=21&tt_products%5Bbegin_at%5D=10&tt_products%5BbackPID%5D=144&tt_products%5Bproduct%5D=1272&cHash=1d24f9630ff002a3c9315fb6ea67fcec,,,,,,,,,,,,,,,,,,,,,,,,,,,,,,,,,,,,,,,,
88,,biography,,,,book,Hans-Joachim Röll,,,,,,,,2014-05-01T00:00:00Z,,,,,,,German,,,,,,Otto Schuhart,,https://www.verlagshaus.com/index.php?id=detail&tt_products%5Bcat%5D=21&tt_products%5Bbegin_at%5D=50&tt_products%5BbackPID%5D=144&tt_products%5Bproduct%5D=1667&cHash=42aa7d4ac452fadfa56ed4ef50354dbb,,,,,,,,,,,,,,,,,,,,,,,,,,,,,,,,,,,,,,,,
89,,biography,,,,book,Hans-Joachim Röll,,,,,,,,2009-10-09T00:00:00Z,,,,,,,German,,,,,,Werner Hartmann,,https://www.verlagshaus.com/index.php?id=detail&tt_products%5Bcat%5D=21&tt_products%5Bbegin_at%5D=10&tt_products%5BbackPID%5D=144&tt_products%5Bproduct%5D=1273&cHash=4f5cb538b89eb74ca60040210dcc49d3,,,,,,,,,,,,,,,,,,,,,,,,,,,,,,,,,,,,,,,,
90,,biography,,,,book,Q82782346,,,,,,,,2007-10-01T00:00:00Z,,,,,,,German,,,,,,Werner Töniges,,https://www.verlagshaus.com/index.php?id=detail&tt_products%5Bcat%5D=21&tt_products%5Bbegin_at%5D=60&tt_products%5BbackPID%5D=144&tt_products%5Bproduct%5D=1320&cHash=2d4323c464618addd07f793fc9bb9f28,,,,,,,,,,,,,,,,,,,,,,,,,,,,,,,,,,,,,,,,
91,,graphic novel,,,,book,Ken Krimstein,The Three Escapes of Hannah Arendt,,English,United States of America,,,,2018-01-01T00:00:00Z,,OL19753284W,,,,,English,,,,,,Hannah Arendt,,,,,,22063063,,A Tyranny of Truth,,37941885,,,,6411157527273327300006,/g/11h1l8xgyr,483273,,,,,,,,,,,,,,,,,,,,,,,,,,
92,,biography,,,,book,Hans-Joachim Röll,,,,,,,,2016-09-19T00:00:00Z,,,,,,,German,,,,,,German submarine U-60 (1939),,https://www.verlagshaus.com/index.php?id=detail&tt_products%5Bcat%5D=11&tt_products%5Bbegin_at%5D=80&tt_products%5BbackPID%5D=80&tt_products%5Bproduct%5D=2042&cHash=1e5cad32fb0b65ff9eafff06f8e4a9ee,,,,,,,,,,,,,,,,,,,,,,,,,,,,,,,,,,,,,,,,
93,,non-fiction book,,,,book,Hans-Joachim Röll,,,,,,,,2015-05-31T00:00:00Z,,,,,,,German,,,,,,Günther Hessler,,https://www.verlagshaus.com/index.php?id=detail&tt_products%5Bcat%5D=11&tt_products%5Bbegin_at%5D=80&tt_products%5BbackPID%5D=80&tt_products%5Bproduct%5D=2043&cHash=1de1da095c435668340127cb637ce4e5,,,,,,,,,,,,,,,1066265836,,,,,,,,,,,,,,,,,,,,,,,,,
94,,historiography,,,,book,Hans-Joachim Röll,,,,,,,,,,,,,,,German,,,,,,submarine warfare,,https://www.verlagshaus.com/index.php?id=detail&tt_products%5Bcat%5D=11&tt_products%5Bbegin_at%5D=70&tt_products%5BbackPID%5D=80&tt_products%5Bproduct%5D=1673&cHash=f69303b2c3f03aa42746094545386c7e,,,,,,,,,,,,,,,,,,,,,,,,,,,,,,,,,,,,,,,,
95,,historiography,,,,book,Hans-Joachim Röll,,,,,,,,2008-11-01T00:00:00Z,,,,,,,German,,,,,,German submarine U-1223,,https://www.verlagshaus.com/index.php?id=detail&tt_products%5Bcat%5D=11&tt_products%5Bbegin_at%5D=70&tt_products%5BbackPID%5D=80&tt_products%5Bproduct%5D=1335&cHash=765e9d9ee6cadf38b279d80a0fe4dcea,,,,,,,,,,,,,,,,,,,,,,,,,,,,,,,,,,,,,,,,
96,,biography,,,,book,Hans-Joachim Röll,,,,,,,,2014-05-09T00:00:00Z,,,,,,,German,,,,,,Joachim Müncheberg,,,,,,,,,,,,,,,,,,,,,,,,,,,,,,,,,,,,,,,,,,
97,,historiography,,,,book,Hans-Joachim Röll,,,,,,,,2014-05-09T00:00:00Z,,,,,,,German,,,,,,Heinz Strüning,,,,,,,,,,,,,,,,,,,,,,,,,,,,,,,,,,,,,,,,,,
98,,biography,,,,book,Hans-Joachim Röll,,,,,,,,2014-12-05T00:00:00Z,,,,,,,German,,,,,,Hans Döbrich,,,,,,,,,,,,,,,,,,,,,,,,,,,,,,,,,,,,,,,,,,
99,,biography,,,,book,Hans-Joachim Röll,,,,,,,,2011-11-05T00:00:00Z,,,,,,,German,,,,,,Hyazinth Graf Strachwitz von Gross-Zauche und Camminetz,,,,,,,,,,,,,,,,,,,,,,,,,,,,,,,,,,,,,,,,,,
100,,historiography,,,,book,Hans-Joachim Röll,,,,,,,,,,,,,,,German,,,,,,German submarine U-87,,https://www.verlagshaus.com/index.php?id=detail&tt_products%5Bcat%5D=11&tt_products%5Bbegin_at%5D=80&tt_products%5BbackPID%5D=80&tt_products%5Bproduct%5D=2271&cHash=014803d5bc77ff9078802b2974ffee56,,,,,,,,,,,,,,,,,,,,,,,,,,,,,,,,,,,,,,,,
101,,biography,,,,book,Franz Kurowski,,,,,,,,,,,,,,,German,,,,,,Kurt Knispel,,,,,,,,,,,,,,,,,,,,,,,,,,,,,,,,,,,,,,,,,,
102,,biography,,,,book,Franz Kurowski,,,,,,,,2013-10-07T00:00:00Z,,,,,,,German,,,,,,Q66364279,,,,,,,,,,,,,,,,,,,,,,,,,,,,,,,,,,,,,,,,,,
103,,biography,,,,book,Franz Kurowski,,,,,,,,2015-10-09T00:00:00Z,,,,,,,German,,,,,,Hans-Joachim Marseille,,,,,,,,,,,,,,,,,,,,,,,,,,,,,,,,,,,,,,,,,,
104,,historiography,,,,book,Franz Kurowski,,,,,,,,2007-07-01T00:00:00Z,,,,,,,German,,,,,,Fallschirm-Panzer Division 1 Hermann Göring,,,,,,,,,,,,,,,,,,,,,,,,,,,,,,,,,,,,,,,,,,
105,,biography,,,,book,Franz Kurowski,,,,,,,,2008-09-23T00:00:00Z,,,,,,,German,,,,,,Wilhelm Batz,,,,,,,,,,,,,,,,,,,,,,,,,,,,,,,,,,,,,,,,,,
106,,historiography,,,,book,Franz Kurowski,,,,,,,,,,,,,,,German,,,,,,Werner Henke,,,,,,,,,,,,,,,,,,,,,,,,,,,,,,,,,,,,,,,,,,
107,,biography,,,,book,Franz Kurowski,,,,,,,,2007-07-01T00:00:00Z,,,,,,,German,,,,,,Siegfried Westphal,,,,,,,,,,,,,,,,,,,,,,,,,,,,,,,,,,,,,,,,,,
108,,biography,,,,book,Franz Kurowski,,,,,,,,,,,,,,,German,,,,,,Heinz-Wolfgang Schnaufer,,,,,,,,,,,,,,,,,,,,,,,,,,,,,,,,,,,,,,,,,,
109,,biography,,,,book,Franz Kurowski,,,,,,,,2014-11-01T00:00:00Z,,,,,,,German,,,,,,Rudi Brasche,,,,,,,,,,,,,,,,,,,,,,,,,,,,,,,,,,,,,,,,,,
110,,biography,,,,book,Franz Kurowski,,,,,,,,2008-08-26T00:00:00Z,,,,,,,German,,,,,,Karl-Lothar Schulz,,,,,,,,,,,,,,,,,,,,,,,,,,,,,,,,,,,,,,,,,,
111,McClelland & Stewart,autobiography,,,,book,Farley Mowat,Never Cry Wolf,,English,Canada,Never Cry Wolf,429213,,1963-01-01T00:00:00Z,,OL17731220W,,48027680,978-0-316-88179-1,,,,0-316-88179-1,,,isbn_0770420729,,,,,,,,,,,,,,,,,,,"Entity[""Book"", ""NeverCryWolf""]",,,,,,,,,,,,,,,,,,,,,,,,
112,"Farrar, Straus and Giroux",picture book,,,,literary work,William Steig,Shrek!,,English,United States of America,,49352211,,1990-01-01T00:00:00Z,/m/0bx6hw,OL15152042W,Shrek!,,,,,,,,,,,,,,,,,,,,,,,,185781651,,,,,William Steig,no2009097825,,,,,,,,,,,,,,,,,,,,,,
113,Bantam Books,crime novel,,,,book,Dean Koontz,Velocity,,English,United States of America,,19908,,2005-01-01T00:00:00Z,/m/0bz5p7,OL24229456M,,68169613,978-0-553-58825-5,,,California,0-553-58825-7,,,velocity00koon,,,,,,,,,,,,,,,,,,,,,,975278,,,,,,,,,,,,,,,,,,,,,
114,Bantam Books,crime novel,,,,book,Dean Koontz,Velocity,,English,United States of America,,19908,,2005-01-01T00:00:00Z,/m/0bz5p7,OL24229456M,,68169613,978-0-553-58825-5,,,California,0-553-58825-7,,,velocity00koon,,,,,,,,,,,,,,,,,,,,,,975278,,,,,,,,,,,,,,,,,,,,,
115,,short story,,,,book,Joaquín Gallegos Lara,Los que se van,,Spanish,Ecuador,,,,1930-01-01T00:00:00Z,,,,,,,,,,,,,,,,,,,,,,,,,,,,,,,,,,,Al subir el aguaje,,,,,,,,,,,,,,,,,,,,
116,,short story,,,,book,Joaquín Gallegos Lara,Los que se van,,Spanish,Ecuador,,,,1930-01-01T00:00:00Z,,,,,,,,,,,,,,,,,,,,,,,,,,,,,,,,,,,Al subir el aguaje,,,,,,,,,,,,,,,,,,,,
117,,short story,,,,book,Joaquín Gallegos Lara,Los que se van,,Spanish,Ecuador,,,,1930-01-01T00:00:00Z,,,,,,,,,,,,,,,,,,,,,,,,,,,,,,,,,,,Al subir el aguaje,,,,,,,,,,,,,,,,,,,,
118,,short story,,,,book,Joaquín Gallegos Lara,Los que se van,,Spanish,Ecuador,,,,1930-01-01T00:00:00Z,,,,,,,,,,,,,,,,,,,,,,,,,,,,,,,,,,,Al subir el aguaje,,,,,,,,,,,,,,,,,,,,
119,,short story,,,,book,Manuel Mujica Láinez,Misteriosa Buenos Aires,,Spanish,Argentina,,,,1950-01-01T00:00:00Z,,,,,,,,,,,,,,,,,,,,,,,,,,,,,,,,,,,,,,,,,,,,,,,,,,,,,,,
120,,non-fiction,,,,book,,,,,,,,,,,,,,,,,,,,,,,,,,,,,,,,,,,,,,,,,,,,,,,,,,,,,,,,,,,,,,,,
121,,cookbook,,,,book,Bartolomeo Platina,,,Medieval Latin,,,,,,,,,,,,,,,,,,,,,,,,,,,,,,,,,,,,,,,,,http://commons.wikimedia.org/wiki/Special:FilePath/Il%20Platina%20-%20De%20honesta%20voluptate%20et%20valetudine%2C%20nel%20anno%20del%20signore%20MCCCCLXXXXIIII%20adi%20XXV%20de%20agusto%20-%202444237%20Scan00017.tif,1465-01-01T00:00:00Z,,,,,,,,,,,,,,,,,,
122,,psychological thriller,,,,book,Sebastian Fitzek,,,,,,,,2007-01-01T00:00:00Z,,,,,,,German,,,,,,,,https://www.sebastianfitzek.de/buch/amokspiel/,,,,,,,,,,,,,,,,,,,,,,,,,,,,,,,,,,,,,,,,
123,,non-fiction,,,,book,,,,,,,,,,,,,,,,,,,,,,,,,,,,,,,,,,,,,,,,,,,,,,,,,,,,,,,,,,,,,,,,
124,,short story,,,,literary work,Raúl Vallejo,Fiesta de solitarios,,Spanish,Ecuador,,,,1992-01-01T00:00:00Z,,,,,,,,,,,,,,,,,,,,,,,,,,,,,,,,,,,,,,Joaquín Gallegos Lara National Fiction Prize,,,,,,,,,,,,,,,,,
125,Casa de la Cultura Ecuatoriana,short story,,,,literary work,Ángel Felicísimo Rojas,Un idilio bobo,,Spanish,Ecuador,,,,1946-01-01T00:00:00Z,,,,,,,,,,,,,,,,,,,,,,,,,,,,,,,,,,,,,,,,,,,,,,,,,,,,,,,
126,,psychological thriller,,,,literary work,Sebastian Fitzek,,,,,,,,2015-01-01T00:00:00Z,,,,,,,German,,,,,,,,https://www.sebastianfitzek.de/buch/das-joshua-profil/,,,,,,,,,,,,65145663010305070510,,,,,,,,,,,,1159383405,,,,,,,,,,,,,,,,
127,,psychological thriller,,,,book,Sebastian Fitzek,,,,,,,,2017-01-01T00:00:00Z,,,,,,,German,,,,,,,,https://www.sebastianfitzek.de/buch/achtnacht/,,,,,,,,,,,,,,,,,,,,,,,,,,,,,,,,,,,,,,,,
128,,biography,,,,"version, edition, or translation",Renate Croll,Gluck. Sein Leben. Seine Musik,,German,,,,,2014-01-01T00:00:00Z,,,,,978-3-7618-2378-1,,,,,,,,Christoph Willibald von Gluck,,,,,,,,,,,2,,,,,,,,,,,,,,,,Gluck. Sein Leben. Seine Musik,,,,,,,,,,,,,,,
129,,biography,,,,book,Ignaz von Mosel,Ueber das Leben und die Werke des Anton Salieri,,German,,,,,1827-01-01T00:00:00Z,,,,165898107,,,,,,public domain,,,Antonio Salieri,,,,,,,,,,,1,R9w2AQAAMAAJ,,,,,,,,,,,,,,,,,,,,,,,,,,,,,,
130,Macmillan Publishers,encyclopedia,,,,literary work,,The Dictionary of Art,,English,,,,,1996-01-01T00:00:00Z,,OL8701225M,Grove Art Online,,,,,,1-884446-00-0,,,,,,,,,,,,,London,,1,,,,,,,,,,,,http://commons.wikimedia.org/wiki/Special:FilePath/Volumes%20of%20the%20%27The%20Dictionary%20of%20Art%27%20shelved.JPG,,,,,Jane Turner,34,"Grove's Dictionaries, Inc.",,,,,,,,,,,,
131,Nijgh & Van Ditmar,biographical dictionary,Onze Musici (1898),,,book,,,,Dutch,,,,,1911-01-01T00:00:00Z,,,,469067877,,,,,,public domain,,,,,,,,,,300,,Rotterdam,,,,,,,,,,,,,,http://commons.wikimedia.org/wiki/Special:FilePath/Onze%20Musici%20%281911%29.pdf,,,,,,,,2,https://www.dbnl.org/tekst/_onz004onze01_01/,http://commons.wikimedia.org/wiki/Special:FilePath/Onze%20Musici%20%281911%29.pdf,,,,,,,,,
132,Editorial Anagrama,horror fiction,,,,literary work,Mariana Enríquez,Las cosas que perdimos en el fuego,,Spanish,Argentina,,,,2016-01-01T00:00:00Z,,,,,,,,Buenos Aires,,,,,,,,,,,,,,,,,,,,,,,,,,,,,,City of Barcelona Award,,,,,,,,,,,,,,,,,
133,Editorial Anagrama,horror fiction,,,,literary work,Mariana Enríquez,Las cosas que perdimos en el fuego,,Spanish,Argentina,,,,2016-01-01T00:00:00Z,,,,,,,,Buenos Aires,,,,,,,,,,,,,,,,,,,,,,,,,,,,,,City of Barcelona Award,,,,,,,,,,,,,,,,,
134,,literary realism,,,,literary work,José de la Cuadra,Horno,,Spanish,Ecuador,,,,1932-01-01T00:00:00Z,,,,,,,,,,,,,,,,,,,,,,,,,,,,,,,,,,,The Tigress,,,,,,,,,,,,,,,,,,,,
135,Aschehoug,essay,,,,book,André Bjerke,Djevelens omgangsfelle,,Riksmål,Norway,,,,1974-01-01T00:00:00Z,,,,,,,,,82-03-06377-2,,,,Faust,,,,,,,,,,,,,,,,,,,,,,,,,,,,,,,,,,,,,,,,,,
136,,mémoire,,,,book,Enrico Hillyer Giglioli,"Les Cétacés observés durant le voyage autour du globe de la corvette à vapeur le Magenta, de 1865 à 1868",,,,,,,1874-01-01T00:00:00Z,,,,,,,,,,public domain,,,Cetacea,,,,,,,,,Naples,,,,,,,,,,,,,,,,,,,,,,,,,,,,,,,,,
137,Mayflower Publishing Company,dictionary,,,,book,,Who's who in the Central States,,,,,,,1929-01-01T00:00:00Z,,,,83983228,,,,,,,,,United States of America,,,,,,,,"A Business, Professional and Social record of men and women of achievement in the Central States",Baltimore,,,,,,,,,,,,,,,,,,,,,,,,,,,,,,,,,
138,Golden Syndicate Publishing Company,biographical dictionary,,,,book,Alberta Lawrence,Who's who among North American authors,,English,,,,,1921-01-01T00:00:00Z,,,,1772764,,,,,,public domain,,whoswhoamongnor00unkngoog,,,,,,,,,,Los Angeles,,,,,,,,,,,,,,,,,,,,,,,,,,,,,,,,,
139,The C. M. Clark Publishing Company,novel,,,,book,Alberta Lawrence,The Travels of Phoebe Ann,,English,,,,,1908-01-01T00:00:00Z,,,,,,,,,,public domain,,travelsofphoebea00lawriala,,,,,,,,436,,Boston,,,,,,,,,,,,,,,,,,,,,,,,,,,,,,,,,
140,,narrative,,,,book,Rosario de Acuña,El país del sol,,Spanish,,,,,1930-01-01T00:00:00Z,,,,,,,,,,,,,,,,,,,,,,,,,,,,,,,,,,,,,,,,,,,,,http://www.cervantesvirtual.com/obra-visor/el-pais-del-sol-cuento/html/,,144607,,,,,,,,
141,,narrative,,,,book,Rosario de Acuña,,,,,,,,1988-01-01T00:00:00Z,,,,,,,,,,,,,,,,,,,,,,,,,,,,,,,,,,,,,,,,,,,,,http://www.cervantesvirtual.com/obra-visor/la-casa-de-munecas/html/,,144639,,,,,,,,
142,,Narrativo,,,,book,Rosario de Acuña,,,,,,,,1881-01-01T00:00:00Z,,,,,,,,,,public domain,,,,,,,,,,,,,,,,,,,,,,,,,,,,,,,,,,,http://www.cervantesvirtual.com/obra-visor/tiempo-perdido-algo-sobre-la-mujer-/html/,,721722,,,,,,,,
143,,biography,,,,"version, edition, or translation",Gerhard Croll,Gluck. Sein Leben. Seine Music,,German,,,,,2010-01-01T00:00:00Z,,,"Gluck. Sein Leben. Seine Musik, 2. Auflage",,978-3-7618-2166-4,,,,,,,,Christoph Willibald von Gluck,,,,,,,,,,,1,,,,,,,,,,,,,,,,,,,,,,,,,,,,,,,
144,"Institute of Historical Studies (Kolkata, India)",biographical dictionary,,,,book,Siba Pada Sen,Dictionary of national biography,,English,India,,,,1973-01-01T00:00:00Z,,,,707173,,,,,,,,,India,,,,,,,,,Kolkata,,,,,,,,,,,,,Dictionary of National Biography: E-L,,,,,,,4,,,,,,015572463,34318459b,,,,,,
145,"Institute of Historical Studies (Kolkata, India)",biographical dictionary,,,,book,Siba Pada Sen,Dictionary of national biography,,English,India,,,,1973-01-01T00:00:00Z,,,,707173,,,,,,,,,India,,,,,,,,,Kolkata,,,,,,,,,,,,,Dictionary of National Biography: E-L,,,,,,,4,,,,,,015572463,34318459b,,,,,,
146,"Institute of Historical Studies (Kolkata, India)",biographical dictionary,Dictionary of National Biography: E-L,Dictionary of National Biography: S-Z,,book,Siba Pada Sen,Dictionary of National Biography,,English,India,,,,1974-01-01T00:00:00Z,,,,,,,,,,,,dli.bengal.10689.12047,India,,,,,,,562,Volume III (M-R),Kolkata,,,,,,,,,,,,,,,,,,,,,,,,,,,35125388x,Dictionary of national biography,3,,,,
147,"Institute of Historical Studies (Kolkata, India)",biographical dictionary,Dictionary of National Biography: M-R,,,book,Siba Pada Sen,Dictionary of National Biography,,English,India,,,,1974-01-01T00:00:00Z,,,,,,,,,,,,dli.bengal.10689.11634,India,,,,,,,465,Volume IV (S-Z),Kolkata,,,,,,,,,,,,,,,,,,,,,,,,,,,35128042h,Dictionary of national biography,4,,,,
148,Robert Laffont,dictionary,,,,"version, edition, or translation",Louis-Frédéric Nussbaum,Le nouveau dictionnaire de la civilisation indienne,,French,France,,,,2018-01-01T00:00:00Z,,,,1022920220,,,,,,,,,India,,,,,,,,,Paris,,2,,,,,,,,,,,Le nouveau dictionnaire de la civilisation indienne: A-L,,,,,Dictionnaire de la civilisation indienne,,,,,,,,224224085,455138841,,,,,,
149,Fireside,encyclopedia,,,,book,Loren Coleman,Cryptozoology A to Z,,English,,,,,2014-01-01T00:00:00Z,,,,893137370,,,,,,,,cryptozoologytoz00lore,cryptozoology,,,,,,,270,"the encyclopedia of loch monsters, Sasquatch, Chupacabras, and other authentic mysteries of nature",New York City,,,,,,,,,,,,,,,,,,,,,,,,,,,,,,,,,
150,Fireside,encyclopedia,,,,book,Loren Coleman,Cryptozoology A to Z,,English,,,,,2014-01-01T00:00:00Z,,,,893137370,,,,,,,,cryptozoologytoz00lore,cryptozoology,,,,,,,270,"the encyclopedia of loch monsters, Sasquatch, Chupacabras, and other authentic mysteries of nature",New York City,,,,,,,,,,,,,,,,,,,,,,,,,,,,,,,,,
151,,children's book,,Q79747465,Q79747385,book,Oliver Pötzsch,,1,,,,,,2014-09-17T00:00:00Z,,,,,,,German,,,,,,Middle Ages,,http://oliver-poetzsch.de/ritter-kuno-kettenstrumpf/,,,,,,,,,,,,,,,,,,,,,,,,,,,,,,,,,,,,,,,,
152,,non-fiction book,,,,book,Helmut Plath,,,,,,,,1962-01-01T00:00:00Z,,,,,,,German,,,,,,Leineschloss,,,,,,,,,,,,,,,,,,,,,,,,,,,,,,,,,,,,,,,,,,
153,,non-fiction book,,,,book,Helmut Plath,,,,,,,,1962-01-01T00:00:00Z,,,,,,,German,,,,,,Leineschloss,,,,,,,,,,,,,,,,,,,,,,,,,,,,,,,,,,,,,,,,,,
154,,non-fiction,,,,book,Magnus Mali,,,Finnish,,,,,2019-09-01T00:00:00Z,,,,,978-951-1-34713-2,,,,,,,,,,,,,,,,,,,,,,,,,,,,,,,,,,,,,,,,,,,,,,,,,,
155,,romance novel,Sinking Ships,,Q79845875,book,Tami Fischer,,3,,,,,,2020-07-01T00:00:00Z,,,,,,,German,,,,,,,,,,,,,,,,,,,,,,,,,,,,,,,,,,,,,,,,,,,,,,,,
156,,romance novel,,Sinking Ships,Q79845875,book,Tami Fischer,,1,,,,,,2019-10-01T00:00:00Z,,,,,,,German,,,,,,,,,,,,,,,,,,,,,,,,,,,,,,,,,,,,,,,,,,,,,,,,
157,,romance novel,Beautiful Disaster,Beautiful Wedding,Q79959870,book,Jamie McGuire,,2,,,,,,,,,,,,,English,,,,,,,,https://www.jamiemcguire.com/walkingdisaster,,,,,,,,,,,,,,,,,,,,,,,,,,,,,,,,,,,,,,,,
158,,historical novel,,Q79963259,Q79962921,book,Oliver Pötzsch,,1,,,,,,2015-09-03T00:00:00Z,,,,,,,German,,,,,,,,,,,,,,,,,,,,,,,,,,,,,,,,,,,,,,,,,,,,,,,,
159,,young adult literature,Q79963053,,Q79962921,book,Oliver Pötzsch,,2,,,,,,2016-09-19T00:00:00Z,,,,,,,German,,,,,,knight,,,,,,,,,,,,,,,,,,,,,,,,,,,,,,,,,,,,,,,,,,
160,,young adult literature,Q79963053,,Q79962921,book,Oliver Pötzsch,,2,,,,,,2016-09-19T00:00:00Z,,,,,,,German,,,,,,knight,,,,,,,,,,,,,,,,,,,,,,,,,,,,,,,,,,,,,,,,,,
161,,young adult literature,,Q79964218,Q79963939,book,Eva Völler,,1,,,,,,,,,,,,,,,,,,,,,,,,,,,,,,,,,,,,,,,,,,,,,,,,,,,,,,,,,,,,,
162,,young adult literature,,Q79964218,Q79963939,book,Eva Völler,,1,,,,,,,,,,,,,,,,,,,,,,,,,,,,,,,,,,,,,,,,,,,,,,,,,,,,,,,,,,,,,
163,,fantasy literature,Q79963789,Q79964430,Q79963939,book,Eva Völler,,2,,,,,,,,,,,,,German,,,,,,,,,,,,,,,,,,,,,,,,,,,,,,,,,,,,,,,,,,,,,,,,
164,,fantasy literature,Q79963789,Q79964430,Q79963939,book,Eva Völler,,2,,,,,,,,,,,,,German,,,,,,,,,,,,,,,,,,,,,,,,,,,,,,,,,,,,,,,,,,,,,,,,
165,,young adult literature,Q79964218,,Q79963939,book,Eva Völler,,3,,,,,,,,,,,,,German,,,,,,,,,,,,,,,,,,,,,,,,,,,,,,,,,,,,,,,,,,,,,,,,
166,,historical novel,,Q79965218,Q79965204,book,Maria W. Peter,,1,,,,,,,,,,,,,,Trier,,,,,slavery,,,,,,,,,,,,,,,,,,,,,,,,,,,,,,,,,,,,,,,,,,
167,,historical novel,Q79965203,Q79965335,Q79965204,book,Maria W. Peter,,2,,,,,,,,,,,,,German,Trier,,,,,ancient Rome,,,,,,,,,,,,,,,,,,,,,,,,,,,,,,,,,,,,,,,,,,
168,,short story cycle,,,,book,Gerhard Loibelsberger,,,,,,,,,,,,,,,German,,,,,,,,,,,,,,,,,,,,,,,,,,,,,,,,,,,,,,,,,,,,,,,,
169,,historical novel,Q79966363,Q79966548,Q79966376,book,Gerhard Loibelsberger,,2,,,,,,,,,,,,,German,Vienna,,,,,,,,1908,,,,,,,,,,,,,,,,,,,,,,,,,,,,,,,,,,,,,,,
170,,historical novel,Q79966542,Q79966549,Q79966376,book,Gerhard Loibelsberger,,3,,,,,,,,,,,,,German,Vienna,,,,,Vienna,,,1911,,,,,,,,,,,,,,,,,,,,,,,,,,,,,,,,,,,,,,,
171,,historical novel,Q79966548,,Q79966376,book,Gerhard Loibelsberger,,4,,,,,,,,,,,,,German,Vienna,,,,,Vienna,,,1914,,,,,,,,,,,,,,,,,,,,,,,,,,,,,,,,,,,,,,,
172,,philosophy,,,,book,Ramy Khodeir,Immanent Transcendence,,,,,,,2019-01-01T00:00:00Z,,,,,978-1-79470-156-4,56,,,,,,,,,,,,,,,,,,,,,,,,,,,,,,http://commons.wikimedia.org/wiki/Special:FilePath/Ramy%20Khodeir%20Immanent%20Transcendence%20Cover.png,,,,,,,,,,,,,,,,,,,
173,Q80161105,role-playing game,,,,role-playing,,Atopia,,Basque,,,,,2019-01-01T00:00:00Z,,,,,978-84-947597-6-5,400,,,,,,,,,http://atopia.eus,,,,,,,,,,,,,,,,,,,,,http://commons.wikimedia.org/wiki/Special:FilePath/Atopia-txuria.png,,Q80161349,,,,,,,,,,,,,,Basque Country,Basque Country,Creative Commons Attribution-ShareAlike,AtopiaRPG
174,,psychological thriller,,,,book,Sebastian Fitzek,,,,,,,,2019-10-23T00:00:00Z,,,,,,,German,,,,,,,,https://www.sebastianfitzek.de/buch/das-geschenk/,,,,,,,,,,,,,,,,,,,,,,,,,,,,,,,,,,,,,,,,
175,,self-help book,,,,book,Sebastian Fitzek,,,,,,,,2019-03-20T00:00:00Z,,,,,,,German,,,,,,,,https://www.sebastianfitzek.de/buch/fische-die-auf-baeume-klettern/,,,,,,,,,,,,,,,,,,,,,,,,,,,,,,,,,,,,,,,,
176,,thriller,,,Tom Clancy's Op-Center,book,Steve Pieczenik,,12,,,,,,,,,,,,,English,,,,,,,,,,,,,,,,,,,,,,,,,,,,,,,,,,,,,,,,,,,,,,,,
177,,thriller,,,Tom Clancy's Op-Center,book,Steve Pieczenik,,12,,,,,,,,,,,,,English,,,,,,,,,,,,,,,,,,,,,,,,,,,,,,,,,,,,,,,,,,,,,,,,
178,,thriller,,,Tom Clancy's Op-Center,book,Steve Pieczenik,,11,,,,,,,,,,,,,English,,,,,,,,,,,,,,,,,,,,,,,,,,,,,,,,,,,,,,,,,,,,,,,,
179,,thriller,,,Tom Clancy's Power Plays,book,Tom Clancy,,2,,,,,,,,,,,,,English,,,,,,,,,,,,,,,,,,,,,,,,,,,,,,,,,,,,,,,,,,,,,,,,
180,,thriller,,,Tom Clancy's Power Plays,book,Tom Clancy,,1,,,,,,1997-01-01T00:00:00Z,,,,,,,English,,,,,,,,,,,,,,,,,,,,,,,,,,,,,,,,,,,,,,,,,,,,,,,,
181,,thriller,,,Tom Clancy's Power Plays,book,Tom Clancy,,1,,,,,,1997-01-01T00:00:00Z,,,,,,,English,,,,,,,,,,,,,,,,,,,,,,,,,,,,,,,,,,,,,,,,,,,,,,,,
182,,thriller,,,Tom Clancy's Power Plays,book,Tom Clancy,,4,,,,,,2000-01-01T00:00:00Z,,,,,,,English,,,,,,,,,,,,,,,,,,,,,,,,,,,,,,,,,,,,,,,,,,,,,,,,
183,,thriller,,,Tom Clancy's Power Plays,book,Tom Clancy,,6,,,,,,2002-01-01T00:00:00Z,,,,,,,English,,,,,,,,,,,,,,,,,,,,,,,,,,,,,,,,,,,,,,,,,,,,,,,,
184,,thriller,,,Tom Clancy's Power Plays,book,Q80341052,,8,,,,,,2004-01-01T00:00:00Z,,,,,,,English,,,,,,,,,,,,,,,,,,,,,,,,,,,,,,,,,,,,,,,,,,,,,,,,
185,,thriller,,,Tom Clancy's Power Plays,book,Q80341052,,8,,,,,,2004-01-01T00:00:00Z,,,,,,,English,,,,,,,,,,,,,,,,,,,,,,,,,,,,,,,,,,,,,,,,,,,,,,,,
186,Macmillan Publishers,short story collection,,,,short story collection,Thomas Hardy,,,,,,,,1891-01-01T00:00:00Z,,OL7220096M,,697776605,,,,,,,,groupofnobledame00harduoft,,,,,,,,,,,,,,,,,,,,,,,,,,,,,,,,,,,,,,,,,,,
187,Macmillan Publishers,short story collection,,,,short story collection,Thomas Hardy,,,,,,,,1891-01-01T00:00:00Z,,OL7220096M,,697776605,,,,,,,,groupofnobledame00harduoft,,,,,,,,,,,,,,,,,,,,,,,,,,,,,,,,,,,,,,,,,,,
188,,prayer book,,,,book,,,,,,,,,1975-01-01T00:00:00Z,,,,,,,German,,,,,,,,,,,,,,,,,,,,,,,,,,,,,,,,,,,,,,,,,,,,,,,,
189,Tor Books,science fiction,,,,book,,,,,,,,,2007-11-01T00:00:00Z,,,,,,,,,,,,,,,,,,,,,,,,,,,,,,,,,,706389,,,,,,,Henry Gee,,,,,,,,,,,,,,
190,,biography,,,,book,Franz Kurowski,,,,,,,,2007-10-01T00:00:00Z,,,,,,,German,,,,,,Rudolf Witzig,,,,,,,,,,,,,,,,,,,,,,,,,,,,,,,,,,,,,,,,,,
191,,biography,,,,book,Franz Kurowski,,,,,,,,2001-01-01T00:00:00Z,,,,,,,German,,,,,,Eduard Dietl,,,,,,,,,,,,,,,,,,,,,,,,,,,,,,,,,,,,,,,,,,
192,,biography,,,,book,Franz Kurowski,,,,,,,,,,,,,,,German,,,,,,Karl Dönitz,,https://www.verlagshaus.com/index.php?id=detail&tt_products%5BbackPID%5D=80&tt_products%5Bproduct%5D=1291&tt_products%5Bcat%5D=11&cHash=2efa8d53d86c861d76c5a0da7bff5974,,,,,,,,,,,,,,,,,,,,,,,,,,,,,,,,,,,,,,,,
193,,historiography,,Q82789099,Q82794019,book,Franz Kurowski,,1,,,,,,2007-01-01T00:00:00Z,,,,,,,German,,,,,,World War II,,https://www.verlagshaus.com/index.php?id=detail&tt_products%5BbackPID%5D=44&tt_products%5Bsword%5D=1939&tt_products%5Bproduct%5D=1301&tt_products%5Bcat%5D=1%2C2%2C3%2C4%2C5%2C6%2C7%2C8%2C9%2C10%2C11%2C12%2C13%2C14%2C15%2C16%2C17%2C18%2C19%2C20%2C21%2C22%2C23%2C24%2C25%2C26%2C27%2C28%2C29%2C30&cHash=8cf203828a2cd814345c4013091ec682,,,,,,,,,,,,,,,,,,,,,,,,,,,,,,,,,,,,,,,,
194,,historiography,Q82788478,Q82790954,Q82794019,book,Franz Kurowski,,2,,,,,,2007-01-01T00:00:00Z,,,,,,,German,,,,,,1940,,https://www.verlagshaus.com/index.php?id=detail&tt_products%5Bcat%5D=1%2C2%2C3%2C4%2C5%2C6%2C7%2C8%2C9%2C10%2C11%2C12%2C13%2C14%2C15%2C16%2C17%2C18%2C19%2C20%2C21%2C22%2C23%2C24%2C25%2C26%2C27%2C28%2C29%2C30&tt_products%5Bsword%5D=1940&tt_products%5BbackPID%5D=44&tt_products%5Bproduct%5D=1302&cHash=1f3bbcd7a6dbbf2b5a71876f265bd69b,,,,,,,,,,,,,,,,,,,,,,,,,,,,,,,,,,,,,,,,
195,,historiography,Q82789727,Q82790402,Q82794019,book,Franz Kurowski,,5,,,,,,2008-06-01T00:00:00Z,,,,,,,German,,,,,,World War II,,https://www.verlagshaus.com/index.php?id=detail&tt_products%5Bcat%5D=1%2C2%2C3%2C4%2C5%2C6%2C7%2C8%2C9%2C10%2C11%2C12%2C13%2C14%2C15%2C16%2C17%2C18%2C19%2C20%2C21%2C22%2C23%2C24%2C25%2C26%2C27%2C28%2C29%2C30&tt_products%5Bsword%5D=1943&tt_products%5BbackPID%5D=44&tt_products%5Bproduct%5D=1305&cHash=21d40c01df8bb51870bbee0e126dbed2,,,,,,,,,,,,,,,,,,,,,,,,,,,,,,,,,,,,,,,,
196,,historiography,Q82790073,Q82790766,Q82794019,book,Franz Kurowski,,6,,,,,,2008-06-01T00:00:00Z,,,,,,,German,,,,,,World War II,,https://www.verlagshaus.com/index.php?id=detail&tt_products%5Bcat%5D=1%2C2%2C3%2C4%2C5%2C6%2C7%2C8%2C9%2C10%2C11%2C12%2C13%2C14%2C15%2C16%2C17%2C18%2C19%2C20%2C21%2C22%2C23%2C24%2C25%2C26%2C27%2C28%2C29%2C30&tt_products%5Bsword%5D=1944&tt_products%5BbackPID%5D=44&tt_products%5Bproduct%5D=1306&cHash=35df1e90579a0aa7854c39b1417f4c56,,,,,,,,,,,,,,,,,,,,,,,,,,,,,,,,,,,,,,,,
197,,historiography,Q82790402,,Q82794019,book,Franz Kurowski,,7,,,,,,2008-11-01T00:00:00Z,,,,,,,German,,,,,,World War II,,https://www.verlagshaus.com/index.php?id=detail&tt_products%5Bcat%5D=1%2C2%2C3%2C4%2C5%2C6%2C7%2C8%2C9%2C10%2C11%2C12%2C13%2C14%2C15%2C16%2C17%2C18%2C19%2C20%2C21%2C22%2C23%2C24%2C25%2C26%2C27%2C28%2C29%2C30&tt_products%5Bsword%5D=1945&tt_products%5Bbegin_at%5D=10&tt_products%5BbackPID%5D=44&tt_products%5Bproduct%5D=1307&cHash=a51ca3805ebcd9f4974d638baa322c04,,,,,,,,,,,,,,,,,,,,,,,,,,,,,,,,,,,,,,,,
198,,historiography,Q82789099,Q82789727,Q82794019,book,Franz Kurowski,,3,,,,,,2007-10-01T00:00:00Z,,,,,,,German,,,,,,1941,,https://www.verlagshaus.com/index.php?id=detail&tt_products%5Bcat%5D=1%2C2%2C3%2C4%2C5%2C6%2C7%2C8%2C9%2C10%2C11%2C12%2C13%2C14%2C15%2C16%2C17%2C18%2C19%2C20%2C21%2C22%2C23%2C24%2C25%2C26%2C27%2C28%2C29%2C30&tt_products%5Bsword%5D=1941&tt_products%5BbackPID%5D=44&tt_products%5Bproduct%5D=1303&cHash=d891e33fd88a1585a8326dd4f9929286,,,,,,,,,,,,,,,,,,,,,,,,,,,,,,,,,,,,,,,,
199,Tomáš Trusina,novella,,,,book,Pavel Veselý,,,,Czech Republic,,,,2019-01-01T00:00:00Z,,,,,978-80-88060-18-5,,,,,,,,,,,,,,,144,,,,1,,,,,,,,,,,,,,,,,,,,,,,,,,,,,,,
200,,psychological thriller,,,,book,Sebastian Fitzek,,,,,,,,2017-02-25T00:00:00Z,,,,,,,German,,,,,,,,https://www.sebastianfitzek.de/buch/flugangst-7a/,,,,,,,,,,,,,,,,,,,,,,,,,,,,,,,,,,,,,,,,
201,,thriller,,,,book,Sebastian Fitzek,,,,,,,,2015-10-08T00:00:00Z,,,,,,,German,,,,,,,,https://www.sebastianfitzek.de/buch/die-blutschule/,,,,,,,,,,,,,,,,,,,,,,,,,,,,,,,,,,,,,,,,
